{
    "brenner": [
        0.13835706773131026,
        0.18941893617516878,
        0.007460033840665447,
        0.11915762847219115,
        0.03680035799099902,
        0.0,
        0.0076685061983302796,
        0.07710779293648823,
        0.06437362040536614,
        0.08702740339361273,
        0.06850073560090833,
        0.050579253519675835,
        0.07573574378565621,
        0.09555894834519554,
        1.0,
        0.14497444922269384,
        0.0912032576257368,
        0.08190458747481663,
        0.31223998479563814,
        0.0340730801170004,
        0.005258257913991584,
        0.0496633862335817,
        0.16852984364596665,
        0.1536415865136642,
        0.15206805399655957,
        0.08392394958514919,
        0.05916238934923352,
        0.09307100969961328
    ],
    "Laplacian": [
        0.0470934594230544,
        0.09079033565242021,
        0.00251704870072497,
        0.057767808827621954,
        0.014966256858641122,
        0.006475403028350782,
        0.010063491038157912,
        0.05875365967413642,
        0.044626475491069933,
        0.07150344653094987,
        0.053223466075010495,
        0.015450206293681329,
        0.04620760885846943,
        0.0438370000855942,
        1.0,
        0.07586063354835795,
        0.034091379058823514,
        0.05336569419243467,
        0.3801583472625342,
        0.035483520455543316,
        0.0,
        0.015324076596037062,
        0.10095594870228358,
        0.05789661611534863,
        0.07768275228030498,
        0.04577370693144917,
        0.042412593071984354,
        0.045477722263808154
    ],
    "SMD": [
        0.1152497672538441,
        0.2358964830851658,
        0.006048823337542427,
        0.16129540508344128,
        0.005593603533027898,
        0.002945495450584808,
        0.03619935370468871,
        0.2185476268824713,
        0.14870990020276348,
        0.20001945935828505,
        0.0985920206049318,
        0.05260423863577255,
        0.09711738328799802,
        0.11512711557821263,
        1.0,
        0.2246648877936434,
        0.12273028264374347,
        0.16916352725330538,
        0.46446025120299994,
        0.10417236264025838,
        0.0,
        0.05203797955516814,
        0.3228716378410034,
        0.16991008773270921,
        0.2352709251832337,
        0.09031320428086642,
        0.07762146999373136,
        0.10021617615501632
    ],
    "SMD2": [
        0.20090265785742942,
        0.39985740743005943,
        0.03259645584735903,
        0.3114315950105099,
        0.10730944918866626,
        0.0047260214111337255,
        0.0,
        0.25983381721027704,
        0.16686824808182102,
        0.29643384731187256,
        0.2070043292759999,
        0.06298274902023561,
        0.18543203323868526,
        0.16283857868704216,
        1.0,
        0.30097766365881173,
        0.12701851319036672,
        0.24400290414804596,
        0.4768915652953777,
        0.13862582493528955,
        0.027565208157496936,
        0.06173534102820881,
        0.4156308119081061,
        0.2345446034557979,
        0.4374632616053794,
        0.28871988798944564,
        0.23502891472756904,
        0.22284011744940566
    ],
    "variance": [
        0.3104822422380563,
        0.6248287668935392,
        0.6088844367880654,
        0.15797828533197575,
        0.0,
        0.16968725071307666,
        0.3086140101927288,
        0.6196189889517557,
        0.3838778077960929,
        0.39332855344293677,
        0.40985589029615727,
        0.7317356361225531,
        0.5304046946960035,
        0.6790661371347043,
        0.8791141839660913,
        0.8603321220245942,
        0.6984675867805797,
        0.5879468358269775,
        0.5228645481799022,
        0.5254199665097771,
        0.6143538032044512,
        0.7290346720912668,
        1.0,
        0.8423327479289247,
        0.6638881645710603,
        0.29877950026448824,
        0.2991062877734491,
        0.33165106009299455
    ],
    "energy": [
        0.37263732247062087,
        0.49069576711936064,
        0.018234934923390386,
        0.3431357101782984,
        0.29005739828873905,
        0.04476318873755799,
        0.0,
        0.17727208521409754,
        0.15895811182905112,
        0.298393508448869,
        0.31275198690553496,
        0.038118875429169155,
        0.22415762043215268,
        0.19316461657391526,
        1.0,
        0.3832258606576248,
        0.3649103507480683,
        0.2964563222033424,
        0.5485282189150623,
        0.24823958308533753,
        0.019308830320441433,
        0.044382253122702275,
        0.3064321844208485,
        0.23386530434713143,
        0.4114646800901401,
        0.383128895543222,
        0.27762722609134743,
        0.29540193758512606
    ],
    "Vollath": [
        0.30778119383488783,
        0.6210600237077336,
        0.6150808062875956,
        0.1546199682085327,
        0.0,
        0.17260666766594449,
        0.3118305188318454,
        0.6214581197567436,
        0.3842742989337019,
        0.3921594018690512,
        0.40967316874083154,
        0.7367455105348593,
        0.530974153359362,
        0.680046007266884,
        0.7583545321940824,
        0.860314254190982,
        0.7003696898188055,
        0.5890496544002879,
        0.4816521122436276,
        0.5284742020289703,
        0.6209235511982429,
        0.7340542200569026,
        1.0,
        0.8423960102685197,
        0.6624895012412542,
        0.2977612132257951,
        0.2989069135467456,
        0.3304667741423752
    ],
    "entropy": [
        0.37781891567426124,
        0.7502071114678324,
        0.20981484792116492,
        0.3074015045662368,
        0.0,
        0.057189157810533575,
        0.31892577569374597,
        0.8860737065461063,
        0.6803278247978268,
        0.6591588285595523,
        0.3413399935604804,
        0.44324486282753633,
        0.3026238600207214,
        0.5503016144102745,
        1.0,
        0.9211553556563622,
        0.782374080946727,
        0.7595152684925371,
        0.39914682984380534,
        0.29736313553697574,
        0.21497024930711361,
        0.4496694422216968,
        0.7692390144417807,
        0.5637949174494747,
        0.42142248343188005,
        0.038654310200210824,
        0.06555493524902418,
        0.3698097867333389
    ]
}